-- ================================
-- 테이블 DDL
-- ================================
USE practice_db;

SET NAMES 'utf8mb4';


CREATE TABLE students (
    id INT PRIMARY KEY AUTO_INCREMENT,
    name VARCHAR(50),
    grade INT,        -- 학년 (1~3)
    class_name VARCHAR(10) -- 반 (A, B, C)
) CHARSET=utf8mb4 COLLATE=utf8mb4_unicode_ci;

CREATE TABLE subjects (
    id INT PRIMARY KEY AUTO_INCREMENT,
    name VARCHAR(50),
    teacher VARCHAR(50),
    credit INT  -- 학점
) CHARSET=utf8mb4 COLLATE=utf8mb4_unicode_ci;

CREATE TABLE scores (
    id INT PRIMARY KEY AUTO_INCREMENT,
    student_id INT,
    subject_id INT,
    score INT,        -- 점수 (0~100)
    exam_date DATE,
    FOREIGN KEY (student_id) REFERENCES students(id),
    FOREIGN KEY (subject_id) REFERENCES subjects(id)
) CHARSET=utf8mb4 COLLATE=utf8mb4_unicode_ci;

CREATE TABLE attendance (
    id INT PRIMARY KEY AUTO_INCREMENT,
    student_id INT,
    attend_date DATE,
    status VARCHAR(10), -- 'present', 'absent', 'late'
    FOREIGN KEY (student_id) REFERENCES students(id)
) CHARSET=utf8mb4 COLLATE=utf8mb4_unicode_ci;

-- ================================
-- 데이터
-- ================================

INSERT INTO students (id, name, grade, class_name) VALUES
(1,  '김민준', 1, 'A'),
(2,  '이서연', 1, 'A'),
(3,  '박지호', 1, 'B'),
(4,  '최유나', 2, 'A'),
(5,  '정현우', 2, 'B'),
(6,  '강서윤', 2, 'B'),
(7,  '윤도현', 3, 'A'),
(8,  '임수아', 3, 'B'),
(9,  '한재원', 3, 'C'),
(10, '오지은', 3, 'C');

INSERT INTO subjects VALUES
(1, '수학',   '김선생', 3),
(2, '영어',   '이선생', 3),
(3, '국어',   '박선생', 2),
(4, '과학',   '최선생', 2),
(5, '역사',   '정선생', 1);

INSERT INTO scores VALUES
(1,  1, 1, 85, '2026-03-15'),
(2,  1, 2, 92, '2026-03-16'),
(3,  1, 3, 78, '2026-03-17'),
(4,  1, 4, 88, '2026-03-18'),
(5,  1, 5, 95, '2026-03-19'),
(6,  2, 1, 76, '2026-03-15'),
(7,  2, 2, 88, '2026-03-16'),
(8,  2, 3, 95, '2026-03-17'),
(9,  2, 4, 72, '2026-03-18'),
(10, 2, 5, 84, '2026-03-19'),
(11, 3, 1, 91, '2026-03-15'),
(12, 3, 2, 65, '2026-03-16'),
(13, 3, 3, 83, '2026-03-17'),
(14, 3, 4, 79, '2026-03-18'),
(15, 3, 5, 70, '2026-03-19'),
(16, 4, 1, 55, '2026-04-15'),
(17, 4, 2, 78, '2026-04-16'),
(18, 4, 3, 88, '2026-04-17'),
(19, 4, 4, 92, '2026-04-18'),
(20, 4, 5, 60, '2026-04-19'),
(21, 5, 1, 98, '2026-04-15'),
(22, 5, 2, 87, '2026-04-16'),
(23, 5, 3, 76, '2026-04-17'),
(24, 5, 4, 65, '2026-04-18'),
(25, 5, 5, 90, '2026-04-19'),
(26, 6, 1, 72, '2026-04-15'),
(27, 6, 2, 94, '2026-04-16'),
(28, 6, 3, 81, '2026-04-17'),
(29, 6, 4, 77, '2026-04-18'),
(30, 6, 5, 88, '2026-04-19'),
(31, 7, 1, 63, '2026-05-15'),
(32, 7, 2, 71, '2026-05-16'),
(33, 7, 3, 90, '2026-05-17'),
(34, 7, 4, 85, '2026-05-18'),
(35, 7, 5, 78, '2026-05-19'),
(36, 8, 1, 88, '2026-05-15'),
(37, 8, 2, 96, '2026-05-16'),
(38, 8, 3, 74, '2026-05-17'),
(39, 8, 4, 91, '2026-05-18'),
(40, 8, 5, 83, '2026-05-19'),
(41, 9, 1, 77, '2026-05-15'),
(42, 9, 2, 82, '2026-05-16'),
(43, 9, 3, 69, '2026-05-17'),
(44, 9, 4, 88, '2026-05-18'),
(45, 9, 5, 95, '2026-05-19'),
(46, 10, 1, 92, '2026-05-15'),
(47, 10, 2, 79, '2026-05-16'),
(48, 10, 3, 86, '2026-05-17'),
(49, 10, 4, 73, '2026-05-18'),
(50, 10, 5, 88, '2026-05-19');

INSERT INTO attendance VALUES
(1,  1, '2026-03-04', 'present'),
(2,  1, '2026-03-05', 'late'),
(3,  1, '2026-03-06', 'present'),
(4,  1, '2026-03-07', 'absent'),
(5,  1, '2026-03-08', 'present'),
(6,  2, '2026-03-04', 'present'),
(7,  2, '2026-03-05', 'present'),
(8,  2, '2026-03-06', 'absent'),
(9,  2, '2026-03-07', 'present'),
(10, 2, '2026-03-08', 'present'),
(11, 3, '2026-03-04', 'late'),
(12, 3, '2026-03-05', 'absent'),
(13, 3, '2026-03-06', 'absent'),
(14, 3, '2026-03-07', 'present'),
(15, 3, '2026-03-08', 'late'),
(16, 4, '2026-04-01', 'present'),
(17, 4, '2026-04-02', 'present'),
(18, 4, '2026-04-03', 'present'),
(19, 4, '2026-04-04', 'absent'),
(20, 4, '2026-04-05', 'present'),
(21, 5, '2026-04-01', 'present'),
(22, 5, '2026-04-02', 'late'),
(23, 5, '2026-04-03', 'present'),
(24, 5, '2026-04-04', 'present'),
(25, 5, '2026-04-05', 'present'),
(26, 6, '2026-04-01', 'absent'),
(27, 6, '2026-04-02', 'absent'),
(28, 6, '2026-04-03', 'present'),
(29, 6, '2026-04-04', 'late'),
(30, 6, '2026-04-05', 'present'),
(31, 7, '2026-05-01', 'present'),
(32, 7, '2026-05-02', 'present'),
(33, 7, '2026-05-03', 'late'),
(34, 7, '2026-05-04', 'present'),
(35, 7, '2026-05-05', 'absent'),
(36, 8, '2026-05-01', 'present'),
(37, 8, '2026-05-02', 'present'),
(38, 8, '2026-05-03', 'present'),
(39, 8, '2026-05-04', 'present'),
(40, 8, '2026-05-05', 'late'),
(41, 9, '2026-05-01', 'absent'),
(42, 9, '2026-05-02', 'present'),
(43, 9, '2026-05-03', 'absent'),
(44, 9, '2026-05-04', 'present'),
(45, 9, '2026-05-05', 'present'),
(46, 10, '2026-05-01', 'present'),
(47, 10, '2026-05-02', 'late'),
(48, 10, '2026-05-03', 'present'),
(49, 10, '2026-05-04', 'present'),
(50, 10, '2026-05-05', 'present');